,0,[],JMT 514 013-2,"{'have': 39, 'want': 6}",Germany,"['CD', 'Album']",['Jazz'],1221890,['JMT Productions'],https://api.discogs.com/releases/1221890,['Contemporary Jazz'],https://api-img.discogs.com/Q18c3FaG0XF1VK7LvWKcBoopyOA=/fit-in/150x150/filters:strip_icc():format(jpeg):mode_rgb()/discogs-images/R-1221890-1313354123.jpeg.jpg,Tim Berne's Caos Totale - Nice View,release,/Tim-Bernes-Caos-Totale-Nice-View/release/1221890,1994
0,1,[],JMT 514 019-2,"{'have': 23, 'want': 3}",Germany,"['CD', 'Album']",['Jazz'],1221908,"['JMT Productions', 'Instants Chavirés']",https://api.discogs.com/releases/1221908,['Free Jazz'],https://api-img.discogs.com/7SFqyQNtgd5iajXHUqlkZpSAyRY=/fit-in/150x150/filters:strip_icc():format(jpeg):mode_rgb()/discogs-images/R-1221908-1201776294.jpeg.jpg,Tim Berne's Bloodcount - Lowlife: The Paris Concert,release,/Tim-Bernes-Bloodcount-Lowlife-The-Paris-Concert/release/1221908,1995.0
1,2,[],6.5,"{'have': 30, 'want': 11}",US,"['Vinyl', '7""', '33 ⅓ RPM']",['Jazz'],1220501,"[""Yak'uz'a""]",https://api.discogs.com/releases/1220501,['Free Improvisation'],,Matthew Shipp Duo With William Parker - Summertime,release,/Matthew-Shipp-Duo-With-William-Parker-Summertime/release/1220501,1995.0
2,3,[],314 527 746-2,"{'have': 6, 'want': 3}",US,"['CD', 'Album']",['Jazz'],1220765,['Verve Forecast'],https://api.discogs.com/releases/1220765,['Smooth Jazz'],https://api-img.discogs.com/alQWT50a_6jXhWYFsqwjj5Pij4Y=/fit-in/150x150/filters:strip_icc():format(jpeg):mode_rgb()/discogs-images/R-1220765-1201655906.gif.jpg,Philippe Saisse - Masques,release,/Philippe-Saisse-Masques/release/1220765,1995.0
3,4,[],PI04,"{'have': 21, 'want': 6}",US,"['CD', 'Album']",['Jazz'],1220811,['Pi Recordings'],https://api.discogs.com/releases/1220811,['Contemporary Jazz'],https://api-img.discogs.com/SpcPQGOFcR4yOmWouS5KBhv_Nl0=/fit-in/150x150/filters:strip_icc():format(jpeg):mode_rgb()/discogs-images/R-1220811-1201655818.jpeg.jpg,Wadada Leo Smith's Golden Quartet - The Year Of The Elephant,release,/Wadada-Leo-Smiths-Golden-Quartet-The-Year-Of-The-Elephant/release/1220811,2002.0
4,5,[],LPJT 61,"{'have': 37, 'want': 10}",Italy,"['Vinyl', 'LP', 'Compilation']",['Jazz'],506557,['Giants Of Jazz'],https://api.discogs.com/masters/506557,"['Cool Jazz', 'Bop']",https://api-img.discogs.com/q8_QiPW73rfQg4IOYP6e43AS_5A=/fit-in/150x150/filters:strip_icc():format(jpeg):mode_rgb()/discogs-images/R-4153056-1382132436-3665.jpeg.jpg,Gerry Mulligan Quartet With Chet Baker - Gerry Mulligan Quartet With Chet Baker,master,/Gerry-Mulligan-Quartet-With-Chet-Baker-Gerry-Mulligan-Quartet-With-Chet-Baker/master/506557,1986.0
5,6,"['5 013428 732441', '5013428732441', 'S CCSCD 244 01']",CCSCD 244,"{'have': 24, 'want': 2}",UK,"['CD', 'Compilation']",['Jazz'],506836,"['Castle Communications', 'The Collector Series', 'CBS Records', 'Castle Communications PLC', 'Disctronics']",https://api.discogs.com/masters/506836,['Fusion'],https://api-img.discogs.com/XTCga2oX-GDpFfK_mzYZs0sOVa4=/fit-in/150x150/filters:strip_icc():format(jpeg):mode_rgb()/discogs-images/R-1721869-1239187129.jpeg.jpg,Weather Report - The Collection,master,/Weather-Report-The-Collection/master/506836,1990.0
6,7,"['MARK56 581-A RE', 'MARK56 581-B RE']",582,"{'have': 6, 'want': 1}",US,"['Vinyl', 'LP', 'Album']",['Jazz'],507187,['Mark56 Records'],https://api.discogs.com/masters/507187,['Big Band'],https://api-img.discogs.com/OKrstoJorasYRmq-uasUWmTLPxY=/fit-in/150x150/filters:strip_icc():format(jpeg):mode_rgb()/discogs-images/R-4158718-1357242151-2451.jpeg.jpg,Stan Kenton - Balboa / Summer 1941,master,/Stan-Kenton-Balboa-Summer-1941/master/507187,1972.0
7,8,[],7243 8 23211 2 5,"{'have': 11, 'want': 1}",Netherlands,"['CD', 'Album']",['Jazz'],1374170,['Blue Note'],https://api.discogs.com/releases/1374170,"['Bop', 'Cool Jazz']",https://api-img.discogs.com/cHkGk_AYG77cEJ4E1ZAxNT2WumU=/fit-in/150x150/filters:strip_icc():format(jpeg):mode_rgb()/discogs-images/R-1374170-1224808826.jpeg.jpg,Mose Allison - Gimcracks And Gewgaws,release,/Mose-Allison-Gimcracks-And-Gewgaws/release/1374170,1998.0
8,9,[],Q 16118,"{'have': 36, 'want': 16}",US,"['Vinyl', 'LP']",['Jazz'],584438,['51 West'],https://api.discogs.com/masters/584438,[],https://api-img.discogs.com/_4OxfBhFfokMRfobe8uEgWF0to8=/fit-in/150x150/filters:strip_icc():format(jpeg):mode_rgb()/discogs-images/R-5255042-1388848678-6411.jpeg.jpg,Jimmy Ponder - Ponder'n,master,/Jimmy-Ponder-Pondern/master/584438,1981.0
9,10,"['A/2189', 'SK-7-B']",SK-7,"{'have': 184, 'want': 263}",US,"['Vinyl', 'LP', 'Album', 'Stereo']",['Jazz'],584654,"['Skye Records', 'Western Recorders', 'Gotham Recording Corporation']",https://api.discogs.com/masters/584654,['Avant-garde Jazz'],https://api-img.discogs.com/Xr9d5UGdjTQgHsE8cxGAmxfNvm8=/fit-in/150x150/filters:strip_icc():format(jpeg):mode_rgb()/discogs-images/R-1146647-1410624329-7389.jpeg.jpg,Gabor Szabo - Dreams,master,/Gabor-Szabo-Dreams/master/584654,1968.0
10,11,"['BIEM - GEMA', 'M. 29715-1975', '6.421', '850  2814029 A 1', '850  2814029 B 1']",28 14 029,"{'have': 12, 'want': 1}",Spain,"['Vinyl', '7""', '45 RPM', 'Single', 'Promo']",['Jazz'],1374606,"['Verve Records', 'Club De Vanguardia', 'Fonogram, S.A.', 'COFASA', 'Cayfosa']",https://api.discogs.com/releases/1374606,['Smooth Jazz'],https://api-img.discogs.com/zTqNiqup6KPfANdwbgwqENraxVk=/fit-in/150x150/filters:strip_icc():format(jpeg):mode_rgb()/discogs-images/R-1374606-1383053969-2840.jpeg.jpg,"Ella Fitzgerald Y Oscar Peterson Trio, The - Don't Cha Go 'Way Mad / Will You Still Be Mine?",release,/Ella-Fitzgerald-Y-Oscar-Peterson-Trio-Dont-Cha-Go-Way-Mad-Will-You-Still-Be-Mine/release/1374606,1975.0
11,12,"['4 013809 371116', 'LC 0665', 'GEMA']",M 1181,"{'have': 0, 'want': 0}",Germany,"['CD', 'Single']",['Jazz'],1375421,"['Monopol Records', 'Monopol Records']",https://api.discogs.com/releases/1375421,"['Big Band', 'Swing']",https://api-img.discogs.com/nLinJhgW9B9LZOwYt5ANhufMP0s=/fit-in/150x150/filters:strip_icc():format(jpeg):mode_rgb()/discogs-images/R-1375421-1214139390.jpeg.jpg,Palast Orchester Mit Seinem Sänger Max Raabe - Rinderwahn,release,/Palast-Orchester-Mit-Seinem-S%C3%A4nger-Max-Raabe-Rinderwahn/release/1375421,1997.0
12,13,"['S.I.A.E.', 'GJ 13 / A 520 12 80 1 1 8', 'GJ 13 B 1 520 1 1 8']",GJ-13,"{'have': 53, 'want': 6}",Italy,"['Vinyl', 'LP', 'Album']",['Jazz'],547556,"['Curcio', 'I Giganti Del Jazz', 'Disques Black And Blue S.A.R.L.', 'Phonoster']",https://api.discogs.com/masters/547556,"['Bop', 'Post Bop', 'Easy Listening', 'Cool Jazz']",https://api-img.discogs.com/CHUTu0QNhdCZGVFSJtUeypwuoM8=/fit-in/150x150/filters:strip_icc():format(jpeg):mode_rgb()/discogs-images/R-2683872-1296432473.jpeg.jpg,"Milton Buckner*, Buddy Tate, Wallace Bishop - I Giganti Del Jazz Vol. 13",master,/Milton-Buckner-Buddy-Tate-Wallace-Bishop-I-Giganti-Del-Jazz-Vol-13/master/547556,1980.0
13,14,[],BLP 30107,"{'have': 24, 'want': 27}",UK,"['Vinyl', 'LP', 'Album']",['Jazz'],1387363,['Black Lion Records'],https://api.discogs.com/releases/1387363,[],https://api-img.discogs.com/omwIplwG7dOggQqQf4stWYY740I=/fit-in/150x150/filters:strip_icc():format(jpeg):mode_rgb()/discogs-images/R-1387363-1252829819.jpeg.jpg,Barney Kessel - Swinging Easy!,release,/Barney-Kessel-Swinging-Easy/release/1387363,1971.0
14,15,[],ACT 9206-2,"{'have': 3, 'want': 0}",UK & Europe,"['CD', 'Album']",['Jazz'],591368,['The ACT Company'],https://api.discogs.com/masters/591368,['Jazz-Funk'],https://api-img.discogs.com/KkE9rYzaL4rLxNJSLJi1Qaz9_7s=/fit-in/150x150/filters:strip_icc():format(jpeg):mode_rgb()/discogs-images/R-1444440-1220202287.jpeg.jpg,"Bazillus (2) Featuring Eddie Harris - Regulator, The",master,/Bazillus-2-Featuring-Eddie-Harris-Regulator-The/master/591368,1992.0
15,16,"['MGV 8222-A', 'MGV 8222-B']",MG V-8222,"{'have': 19, 'want': 21}",US,"['Vinyl', 'LP', 'Album', 'Mono']",['Jazz'],591539,['Verve Records'],https://api.discogs.com/masters/591539,[],https://api-img.discogs.com/24mEt0yQHRZnCtU61Ef2RLEmeYo=/fit-in/150x150/filters:strip_icc():format(jpeg):mode_rgb()/discogs-images/R-4125710-1356141737-1109.jpeg.jpg,Dizzy Gillespie Big Band - Birks' Works,master,/Dizzy-Gillespie-Big-Band-Birks-Works/master/591539,1958.0
16,17,[],LPS-718,"{'have': 13, 'want': 7}",US,"['Vinyl', 'LP', 'Album', 'Stereo']",['Jazz'],591692,['Argo Records'],https://api.discogs.com/masters/591692,['Swing'],https://api-img.discogs.com/zmbacxnnkkY0FAlnICbCXzF9IMg=/fit-in/150x150/filters:strip_icc():format(jpeg):mode_rgb()/discogs-images/R-4680849-1393981190-3011.jpeg.jpg,Al Grey - Having A Ball,master,/Al-Grey-Having-A-Ball/master/591692,1963.0
17,18,[],MRL 408,"{'have': 23, 'want': 83}",US,"['Vinyl', 'LP', 'Album']",['Jazz'],591755,['Mainstream Records'],https://api.discogs.com/masters/591755,[],https://api-img.discogs.com/CO-gE1tyQI2dkpw-3LUskS_X5rs=/fit-in/150x150/filters:strip_icc():format(jpeg):mode_rgb()/discogs-images/R-4866277-1378373478-2413.jpeg.jpg,"Harold Land, Bobby Hutcherson, Blue Mitchell, Joe Sample, Stanley Clarke, Freddy Robinson*, Hadley Caliman, Buddy Terry, Woody Shaw, Eddie Henderson - Jazz",master,/Harold-Land-Bobby-Hutcherson-Blue-Mitchell-Joe-Sample-Stanley-Clarke-Freddy-Robinson-Hadley-Caliman-/master/591755,1974.0
18,19,"['PRES . 428 . A.', 'PRES . 428 . B.', 'VAN GELDER', 'ASCAP']",45-428,"{'have': 9, 'want': 1}",US,"['Vinyl', '7""', '45 RPM', 'Single']",['Jazz'],592138,"['Prestige', 'Prestige Records Inc.']",https://api.discogs.com/masters/592138,['Soul-Jazz'],https://api-img.discogs.com/P8oTrGIcVwT2WM7azTHIjqvwM88=/fit-in/150x150/filters:strip_icc():format(jpeg):mode_rgb()/discogs-images/R-4868986-1377984612-1347.jpeg.jpg,“Groove” Holmes* - The More I See You,master,/Groove-Holmes-The-More-I-See-You/master/592138,1966.0
19,20,[],ST-20129,"{'have': 30, 'want': 28}",US,"['Vinyl', 'LP', 'Album', 'Stereo']",['Jazz'],586984,"['Pacific Jazz Records', 'Top Of The Gate']",https://api.discogs.com/masters/586984,[],https://api-img.discogs.com/LHb567yQVL-opdtI798iCGIlxFA=/fit-in/150x150/filters:strip_icc():format(jpeg):mode_rgb()/discogs-images/R-1156591-1349361145-3993.jpeg.jpg,Johnny Lytle - Swingin' At The Gate,master,/Johnny-Lytle-Swingin-At-The-Gate/master/586984,1967.0
20,21,[],MCA2-4019,"{'have': 85, 'want': 6}",Canada,"['Vinyl', 'LP', 'Compilation']",['Jazz'],587165,"['MCA Records', 'MCA Records (Canada)']",https://api.discogs.com/masters/587165,['Swing'],https://api-img.discogs.com/Q5x0xnhJ5smBKXPPcINcabhKzBk=/fit-in/150x150/filters:strip_icc():format(jpeg):mode_rgb()/discogs-images/R-2992606-1310825523.jpeg.jpg,Art Tatum - Art Tatum Masterpieces,master,/Art-Tatum-Art-Tatum-Masterpieces/master/587165,1973.0
21,22,"['ZSS 164730', 'ZSS 164732', 'ZSS 164730-1A  Y', 'ZSS 164732-1A  Y']",3-10761,"{'have': 3, 'want': 8}",US,"['Vinyl', '7""', 'Single', '45 RPM', 'Promo']",['Jazz'],588942,"['Tappan Zee Records', 'Columbia']",https://api.discogs.com/masters/588942,"['Smooth Jazz', 'Jazz-Funk']",https://api-img.discogs.com/AT01nNxFD_WnQBPfgQy0GvzHgFc=/fit-in/150x150/filters:strip_icc():format(jpeg):mode_rgb()/discogs-images/R-1995680-1257801159.jpeg.jpg,Mark Colby - On And On / King Tut,master,/Mark-Colby-On-And-On-King-Tut/master/588942,1978.0
22,23,[],MR 5164,"{'have': 11, 'want': 5}",US,"['Vinyl', 'LP', 'Album', 'Promo']",['Jazz'],589046,['Muse Records'],https://api.discogs.com/masters/589046,[],https://api-img.discogs.com/GngpGUZBzHFqRP8zGxbBv5fpA3I=/fit-in/150x150/filters:strip_icc():format(jpeg):mode_rgb()/discogs-images/R-4822377-1397571796-8853.jpeg.jpg,Gene Ludwig - Now's The Time,master,/Gene-Ludwig-Nows-The-Time/master/589046,1980.0
23,24,"['x""LP"" 41168', 'x""LP"" 41169']",CL 1020,"{'have': 112, 'want': 3}",US,"['Vinyl', 'LP', 'Mono', 'Album', 'Compilation']",['Jazz'],1380519,['Columbia'],https://api.discogs.com/releases/1380519,"['Bop', 'Dixieland', 'Swing', 'Hard Bop', 'Cool Jazz']",https://api-img.discogs.com/HDfnqdfcn3-znJRH9tT9FMpNgcg=/fit-in/150x150/filters:strip_icc():format(jpeg):mode_rgb()/discogs-images/R-1380519-1300322981.jpeg.jpg,Various - Jazz Omnibus,release,/Various-Jazz-Omnibus/release/1380519,1957.0
24,25,[],SHCD 147,"{'have': 6, 'want': 5}",Sweden,"['CD', 'Album']",['Jazz'],1380735,['Silkheart'],https://api.discogs.com/releases/1380735,"['Free Jazz', 'Free Improvisation']",https://api-img.discogs.com/Y0225JCOWMml2ZmM8ih_69Q5Vks=/fit-in/150x150/filters:strip_icc():format(jpeg):mode_rgb()/discogs-images/R-1380735-1214647330.jpeg.jpg,William Hooker / Billy Bang Duo - Joy (Within)!,release,/William-Hooker-Billy-Bang-Duo-Joy-Within/release/1380735,1996.0
25,26,['SACEM SDRM SACD SGDL '],IMPRO 05,"{'have': 35, 'want': 20}",France,"['Vinyl', 'LP', 'Album']",['Jazz'],587398,"['Impro', 'Sun Records', 'Studio Ramsès']",https://api.discogs.com/masters/587398,[],https://api-img.discogs.com/hbJXB5dxfhZazFGHPDr-ndvjWg4=/fit-in/150x150/filters:strip_icc():format(jpeg):mode_rgb()/discogs-images/R-2011931-1384294623-7570.jpeg.jpg,Archie Shepp Quintet - Bird Fire,master,/Archie-Shepp-Quintet-Bird-Fire/master/587398,1979.0
26,27,[],BLP 1551,"{'have': 102, 'want': 66}",US,"['Vinyl', 'LP', 'Album', 'Mono']",['Jazz'],587538,"['Blue Note', 'Manhattan Towers']",https://api.discogs.com/masters/587538,"['Bop', 'Hard Bop']",https://api-img.discogs.com/3uC5TbWyiJv1gLf8tWuwfhpDL-8=/fit-in/150x150/filters:strip_icc():format(jpeg):mode_rgb()/discogs-images/R-1048073-1352417795-4249.jpeg.jpg,"Jimmy Smith - Jimmy Smith At The Organ, Volume 1",master,/Jimmy-Smith-Jimmy-Smith-At-The-Organ-Volume-1/master/587538,1957.0
27,28,"['8 012980 502629', '8012980502629', 'IFPI L082', 'IFPI 6213', 'RDC 5026 PHC 1536-B', 'S.I.A.E.']",rdc 5026 2,"{'have': 45, 'want': 34}",Italy,"['CD', 'Album', 'Reissue']",['Jazz'],1385374,"['New Tone Records', 'New Tone Records', 'Ictus Reissue Series', 'Felmay', 'Robi Droli', 'Robi Droli', 'PhonoComp', 'WKCR', 'Hi-Fi Sound Studio', 'Hi-Fi Sound Studio']",https://api.discogs.com/releases/1385374,"['Free Jazz', 'Free Improvisation']",https://api-img.discogs.com/06_ZAh2XfSLG9V85NLUN0BIDHXU=/fit-in/150x150/filters:strip_icc():format(jpeg):mode_rgb()/discogs-images/R-1385374-1215098412.jpeg.jpg,"Polly Bradfield, Andrea Centazzo, Eugene Chadbourne, Tom Cora, Toshinori Kondo, John Zorn - Environment For Sextet",release,/Polly-Bradfield-Andrea-Centazzo-Eugene-Chadbourne-Tom-Cora-Toshinori-Kondo-John-Zorn-Environment-For/release/1385374,1995.0
28,29,[],MUS 3027,"{'have': 5, 'want': 19}",France,"['Vinyl', 'LP', 'Album']",['Jazz'],1249739,['Musica Records'],https://api.discogs.com/releases/1249739,['Free Jazz'],https://api-img.discogs.com/Ul5uDa5mMLT_pBWcLhN02SjVVaY=/fit-in/150x150/filters:strip_icc():format(jpeg):mode_rgb()/discogs-images/R-1249739-1412325531-6524.jpeg.jpg,Steve Grossman & Jean-François Jenny Clark* - New Moon,release,/Steve-Grossman-Jean-Fran%C3%A7ois-Jenny-Clark-New-Moon/release/1249739,1978.0
29,30,"['IFPI LA31', 'INCUSCDS1 •', 'MASTERED BY DOCDATA']",CD Single 01,"{'have': 18, 'want': 10}",UK,"['CD', 'Single', 'Enhanced']",['Jazz'],1250096,['Incus Records'],https://api.discogs.com/releases/1250096,"['Free Improvisation', 'Modal']",https://api-img.discogs.com/8JjDu5uMB0M3hBovv7pY9ZkoTmc=/fit-in/150x150/filters:strip_icc():format(jpeg):mode_rgb()/discogs-images/R-1250096-1224459533.jpeg.jpg,Joseph Holbrooke '65* - Rehearsal Extract 10' 26,release,/Joseph-Holbrooke-65-Rehearsal-Extract-10-26/release/1250096,1999.0
30,31,[],CS-35 LP,"{'have': 38, 'want': 39}",UK,"['Vinyl', 'LP', 'Compilation']",['Jazz'],1250438,['Cosmic Sounds'],https://api.discogs.com/releases/1250438,"['Afro-Cuban Jazz', 'Fusion', 'Jazz-Funk']",https://api-img.discogs.com/qKpWmr6p5NX05a6QQVC18eQnRyI=/fit-in/150x150/filters:strip_icc():format(jpeg):mode_rgb()/discogs-images/R-1250438-1318087994.jpeg.jpg,Various - Anthology - Rare Jazz / Fusion Gems From Hungarian Vaults Vol. 1,release,/Various-Anthology-Rare-Jazz-Fusion-Gems-From-Hungarian-Vaults-Vol-1/release/1250438,2005.0
31,32,[],AS-9221,"{'have': 64, 'want': 175}",US,"['Vinyl', 'LP', 'Album']",['Jazz'],1250469,"['Impulse!', 'ABC Records']",https://api.discogs.com/releases/1250469,"['Free Jazz', 'Modal']",https://api-img.discogs.com/JJww8cblEHupOkEuld6WG8rCmgk=/fit-in/150x150/filters:strip_icc():format(jpeg):mode_rgb()/discogs-images/R-1250469-1345291626-5546.jpeg.jpg,Michael White (2) - Pneuma,release,/Michael-White-Pneuma/release/1250469,1972.0
32,33,[],LP-643,"{'have': 6, 'want': 2}",US,"['Vinyl', 'LP', 'Album']",['Jazz'],520881,"['Shalom Records', 'Jazz City Studios']",https://api.discogs.com/masters/520881,['Dixieland'],https://api-img.discogs.com/ysWPW0DXErbzihDqDr6yEZkeP9g=/fit-in/150x150/filters:strip_icc():format(jpeg):mode_rgb()/discogs-images/R-3457460-1358868270-3118.jpeg.jpg,Wallace Davenport And The Jazz Greats - Preservation Of Jazz,master,/Wallace-Davenport-And-The-Jazz-Greats-Preservation-Of-Jazz/master/520881,
33,34,[],С60 24013 005,"{'have': 5, 'want': 12}",USSR,"['Vinyl', 'LP']",['Jazz'],592835,"['Мелодия', 'Осенние Ритмы']",https://api.discogs.com/masters/592835,[],https://api-img.discogs.com/skBgxH04pztPVArjQ13i65iUyBk=/fit-in/150x150/filters:strip_icc():format(jpeg):mode_rgb()/discogs-images/R-3779649-1366816765-4845.jpeg.jpg,Various - Осенние Ритмы-85 (1),master,/Various-%D0%9E%D1%81%D0%B5%D0%BD%D0%BD%D0%B8%D0%B5-%D0%A0%D0%B8%D1%82%D0%BC%D1%8B-85-1/master/592835,1986.0
34,35,[],VF002,"{'have': 9, 'want': 4}",US,"['CD', 'Album']",['Jazz'],592897,['Vital Music'],https://api.discogs.com/masters/592897,"['Free Jazz', 'Big Band']",https://api-img.discogs.com/4y3x9F6nKBd_TH3ADA4nWsatiIE=/fit-in/150x150/filters:strip_icc():format(jpeg):mode_rgb()/discogs-images/R-3693113-1340614617-4928.jpeg.jpg,Chris McGregor's Brotherhood Of Breath - In Memoriam,master,/Chris-McGregors-Brotherhood-Of-Breath-In-Memoriam/master/592897,1994.0
35,36,[],SE 8055,"{'have': 2, 'want': 0}",Yugoslavia,"['Vinyl', '7""', '45 RPM', 'Single', 'Mono']",['Jazz'],1376176,['Jugoton'],https://api.discogs.com/releases/1376176,"['Big Band', 'Easy Listening']",https://api-img.discogs.com/1c4zNObWsLdJi7QY8s6-Mfkn1cw=/fit-in/150x150/filters:strip_icc():format(jpeg):mode_rgb()/discogs-images/R-1376176-1214208897.jpeg.jpg,Orkestar Lutz Albrecht* - La Paloma / Singing Hills,release,/Orkestar-Lutz-Albrecht-La-Paloma-Singing-Hills/release/1376176,
36,37,[],01-40N,"{'have': 2, 'want': 0}",Norway,"['CD', 'Compilation']",['Jazz'],1376316,['Not On Label'],https://api.discogs.com/releases/1376316,[],https://api-img.discogs.com/YSnxPn7_JpSxua-sCRhHkFUaM68=/fit-in/150x150/filters:strip_icc():format(jpeg):mode_rgb()/discogs-images/R-1376316-1214222473.jpeg.jpg,Sandefjord Storband - Swingin' Christmas,release,/Sandefjord-Storband-Swingin-Christmas/release/1376316,2001.0
37,38,[],SN 1058,"{'have': 26, 'want': 13}",Italy,"['Vinyl', 'LP', 'Album']",['Jazz'],585361,"['Soul Note', 'Soul Note', 'Soul Note']",https://api.discogs.com/masters/585361,[],https://api-img.discogs.com/7_v8ysx5pFrAKeL_9QsVYdlsCr0=/fit-in/150x150/filters:strip_icc():format(jpeg):mode_rgb()/discogs-images/R-1920105-1252503279.jpeg.jpg,"Jimmy Giuffre 4, The - Dragonfly",master,/Jimmy-Giuffre-4-Dragonfly/master/585361,1983.0
38,39,[],DLP-25950,"{'have': 12, 'want': 3}",US,"['Vinyl', 'LP', 'Album']",['Jazz'],585501,['Dot Records'],https://api.discogs.com/masters/585501,[],https://api-img.discogs.com/Kh39OWUN5rKEZHjB5xpX3WXybgQ=/fit-in/150x150/filters:strip_icc():format(jpeg):mode_rgb()/discogs-images/R-3194071-1353301822-2739.jpeg.jpg,Jack Sheldon - The Cool World Of Jack Sheldon,master,/Jack-Sheldon-The-Cool-World-Of-Jack-Sheldon/master/585501,1969.0
39,40,['0 7777-46861-2 9'],CDP 7 46861 2,"{'have': 4, 'want': 4}",US,"['CD', 'Compilation', 'Mono']",['Jazz'],585518,"['Pacific Jazz Records', 'Capitol Records, Inc.', 'Capitol Records, Inc.', 'Capitol Records, Inc.', 'Van Gelder Studio, Hackensack, New Jersey']",https://api.discogs.com/masters/585518,"['Cool Jazz', 'Bop']",https://api-img.discogs.com/mEuUI2hccMcUkUp2pMF1cTRMCco=/fit-in/150x150/filters:strip_icc():format(jpeg):mode_rgb()/discogs-images/R-2575284-1291263719.jpeg.jpg,Russ Freeman / Richard Twardzik* - Trio,master,/Russ-Freeman-Richard-Twardzik-Trio/master/585518,1989.0
40,41,[],CDCRB 556,"{'have': 2, 'want': 0}",Germany,"['CD', 'Compilation']",['Jazz'],401118,['Charly Records'],https://api.discogs.com/releases/401118,"['Dixieland', 'Swing']",https://api-img.discogs.com/wK8xTqa6CB-ycZXQDl-mxMKeq0U=/fit-in/150x150/filters:strip_icc():format(jpeg):mode_rgb()/discogs-images/R-401118-1114536126.jpg.jpg,Louis Armstrong - Take It Satch!,release,/Louis-Armstrong-Take-It-Satch/release/401118,1995.0
41,42,[],SMM 509626 2,"{'have': 5, 'want': 0}",US,"['CD', 'Compilation']",['Jazz'],401815,"['Sony Music Media', 'Columbia Jazz', 'Columbia']",https://api.discogs.com/releases/401815,"['Bop', 'Hard Bop']",https://api-img.discogs.com/NUS_8TgdZcpjw8NrXCaC45lIqoQ=/fit-in/150x150/filters:strip_icc():format(jpeg):mode_rgb()/discogs-images/R-401815-1125291365.jpg.jpg,Thelonious Monk - 1962-1968,release,/Thelonious-Monk-1962-1968/release/401815,2003.0
42,43,['7 35286 11732 5'],ALP173CD,"{'have': 43, 'want': 5}",US,"['CD', 'Album']",['Jazz'],1328944,"['Atavistic', 'Semaphore Recording', 'Semaphore Recording', 'Golden Mastering']",https://api.discogs.com/releases/1328944,['Free Jazz'],https://api-img.discogs.com/6oQwwteTyj6hBwBg_l9jXwdHou0=/fit-in/150x150/filters:strip_icc():format(jpeg):mode_rgb()/discogs-images/R-1328944-1424640347-9451.jpeg.jpg,"Vandermark 5, The* - A Discontinuous Line",release,/Vandermark-5-The-A-Discontinuous-Line/release/1328944,2006.0
43,44,[],JMY 1010-2,"{'have': 9, 'want': 1}",Italy,"['CD', 'Unofficial Release']",['Jazz'],1329480,"['Jazz Music Yesterday', 'Antibes Jazz Festival']",https://api.discogs.com/releases/1329480,"['Post Bop', 'Modal']",https://api-img.discogs.com/dfReAH4rvFw9h4-4sxDok_g4TpQ=/fit-in/150x150/filters:strip_icc():format(jpeg):mode_rgb()/discogs-images/R-1329480-1210113342.jpeg.jpg,Miles Davis Quintet* - Côte Blues,release,/Miles-Davis-Quintet-C%C3%B4te-Blues/release/1329480,1991.0
44,45,[],TBM (P) 5023,"{'have': 30, 'want': 51}",Japan,"['Vinyl', 'LP', 'Album']",['Jazz'],560647,"['Three Blind Mice', 'Moers Festival', 'Nippon Phonogram Co., Ltd.', 'Nippon Phonogram Co., Ltd.']",https://api.discogs.com/masters/560647,"['Free Improvisation', 'Free Jazz', 'Contemporary Jazz']",https://api-img.discogs.com/Y0GWOpdo0Ea9PwC5ER_0yDw-Vxc=/fit-in/150x150/filters:strip_icc():format(jpeg):mode_rgb()/discogs-images/R-4607888-1369788619-9173.jpeg.jpg,New Direction Unit - Live At Moers Festival,master,/New-Direction-Unit-Live-At-Moers-Festival/master/560647,1980.0
45,46,[],LST 7247,"{'have': 67, 'want': 4}",US,"['Vinyl', 'LP', 'Album']",['Jazz'],562263,['Liberty'],https://api.discogs.com/masters/562263,['Easy Listening'],https://api-img.discogs.com/jhn1oyb60isiqMr6a6b8vjaiyZQ=/fit-in/150x150/filters:strip_icc():format(jpeg):mode_rgb()/discogs-images/R-3755635-1343083789-5804.jpeg.jpg,Si Zentner And His Orchestra - The Stripper And Other Big Band Hits,master,/Si-Zentner-And-His-Orchestra-The-Stripper-And-Other-Big-Band-Hits/master/562263,1962.0
46,47,[],EPS-1205,"{'have': 0, 'want': 0}",Unknown,"['Vinyl', '7""']",['Jazz'],562807,['Eureka'],https://api.discogs.com/masters/562807,[],https://api-img.discogs.com/dRP5F_R6AVidSMmAbuNyKT6Gdzo=/fit-in/150x150/filters:strip_icc():format(jpeg):mode_rgb()/discogs-images/R-1835601-1246703156.jpeg.jpg,"Al Delory* - Let's / Gotta Walk, Can't Sleep",master,/Al-Delory-Lets-Gotta-Walk-Cant-Sleep/master/562807,
47,48,[],9 45209-2,"{'have': 19, 'want': 4}",US,"['CD', 'Album']",['Jazz'],562838,['Warner Bros. Records'],https://api.discogs.com/masters/562838,[],https://api-img.discogs.com/lhDM63AiOcyi22PFqSQwWYU3z5I=/fit-in/150x150/filters:strip_icc():format(jpeg):mode_rgb()/discogs-images/R-1206775-1328095945.jpeg.jpg,Joe Sample - Invitation,master,/Joe-Sample-Invitation/master/562838,1993.0
48,49,[],SH 10058,"{'have': 53, 'want': 30}",France,"['Vinyl', 'LP', 'Album']",['Jazz'],1239569,"['Saravah', 'Studio Saravah']",https://api.discogs.com/releases/1239569,['Free Jazz'],https://api-img.discogs.com/fgnQq4futh5pYBYYkNWIjU-QF6A=/fit-in/150x150/filters:strip_icc():format(jpeg):mode_rgb()/discogs-images/R-1239569-1233356107.jpeg.jpg,Steve Lacy - Dreams,release,/Steve-Lacy-Dreams/release/1239569,1975.0
49,0,[],LBS- 90121,"{'have': 1, 'want': 2}",Japan,"['Vinyl', 'LP', 'Stereo']",['Jazz'],4903663,['Liberty'],https://api.discogs.com/releases/4903663,['Easy Listening'],https://api-img.discogs.com/QYKpIThl3kUT-1AR8u4Nxok3vxU=/fit-in/150x150/filters:strip_icc():format(jpeg):mode_rgb()/discogs-images/R-4903663-1388588620-6931.jpeg.jpg,Julie London - In Person At The Americana,release,/Julie-London-In-Person-At-The-Americana/release/4903663,1980.0
50,1,[],SJ - 1000,"{'have': 1, 'want': 0}",Spain,"['CD', 'Compilation']",['Jazz'],6397644,"['Sarpe', 'Top Jazz']",https://api.discogs.com/releases/6397644,[],https://api-img.discogs.com/Othp-G5B6KfkiiKfGcK7fI3dr8k=/fit-in/150x150/filters:strip_icc():format(jpeg):mode_rgb()/discogs-images/R-6397644-1419642767-5867.jpeg.jpg,Louis Armstrong - Louis Armstrong And His All-Stars,release,/Louis-Armstrong-Louis-Armstrong-And-His-All-Stars/release/6397644,1990.0
51,2,[],MG 20354,"{'have': 3, 'want': 0}",Canada,"['Vinyl', 'LP', 'Album', 'Mono']",['Jazz'],6164288,"['Mercury', 'Quality Records Limited']",https://api.discogs.com/releases/6164288,[],,Ernestine Anderson - Hot Cargo,release,/Ernestine-Anderson-Hot-Cargo/release/6164288,1958.0
52,3,[],559 736-2,"{'have': 7, 'want': 0}",US,"['CD', 'Compilation']",['Jazz'],6164598,"['Verve Records', 'Quiet Now']",https://api.discogs.com/releases/6164598,[],https://api-img.discogs.com/alZ8KLv9rfkD5nbMnPq_GG-oirI=/fit-in/150x150/filters:strip_icc():format(jpeg):mode_rgb()/discogs-images/R-6164598-1412686826-6448.jpeg.jpg,Ella Fitzgerald - Ella's Moods,release,/Ella-Fitzgerald-Ellas-Moods/release/6164598,1999.0
53,4,"['4617200241', 'GM-20024 A RS ', 'GM-20024 B RS ']",,"{'have': 3, 'want': 1}",US,"['Vinyl', 'LP', 'Reissue']",['Jazz'],6158469,"['LRC Ltd.', 'Groove Merchant Records']",https://api.discogs.com/releases/6158469,"['Hard Bop', 'Post Bop']",https://api-img.discogs.com/MwKtws02EP4uAzWP2RyfBtREvug=/fit-in/150x150/filters:strip_icc():format(jpeg):mode_rgb()/discogs-images/R-6158469-1413452672-5634.jpeg.jpg,McCoy Tyner - Blue Bossa,release,/McCoy-Tyner-Blue-Bossa/release/6158469,2008.0
54,5,['0 11105 96782 2'],GRD 9678,"{'have': 2, 'want': 1}",US,"['CD', 'Album']",['Jazz'],6158793,"['GRP Records, Inc.']",https://api.discogs.com/releases/6158793,['Hard Bop'],https://api-img.discogs.com/jp5jwNheanl5tqyQq4zcESEmFZM=/fit-in/150x150/filters:strip_icc():format(jpeg):mode_rgb()/discogs-images/R-6158793-1418058524-2111.jpeg.jpg,Sal Marquez - One For Dewey,release,/Sal-Marquez-One-For-Dewey/release/6158793,1992.0
55,6,[],EAP 4-1220,"{'have': 0, 'want': 0}",Portugal,"['Vinyl', '7""', '45 RPM', 'EP']",['Jazz'],6161621,['Capitol Records'],https://api.discogs.com/releases/6161621,"['Latin Jazz', 'Big Band']",https://api-img.discogs.com/1nMNsqv5n2PiqPRqzqp5Cy3jrGU=/fit-in/150x150/filters:strip_icc():format(jpeg):mode_rgb()/discogs-images/R-6161621-1412609451-7403.jpeg.jpg,Nat King Cole - Aos Meus Amigos,release,/Nat-King-Cole-Aos-Meus-Amigos/release/6161621,
56,7,[],PMC 7085,"{'have': 2, 'want': 0}",UK,"['Vinyl', 'LP', 'Mono']",['Jazz'],6168437,['Parlophone'],https://api.discogs.com/releases/6168437,[],https://api-img.discogs.com/lg_CHmVsd-LsBVdeJ2qUTJGn5W8=/fit-in/150x150/filters:strip_icc():format(jpeg):mode_rgb()/discogs-images/R-6168437-1412780795-6480.jpeg.jpg,"Arcadian Serenaders, The - 1924-25",release,/Arcadian-Serenaders-1924-25/release/6168437,
57,8,"['BIEM/STEMRA', 'TD 18.913 TL  33-ST-18.913 A', 'TD 18.913 TL  33-ST-18.913 B', 'TD 18.913 TL  33-ST-18.913 C', 'TD 18.913 TL  33-ST-18.913 D']",KD 18.913/18.914,"{'have': 4, 'want': 0}",Netherlands,"['Vinyl', 'LP', 'Album', 'Compilation']",['Jazz'],6160217,['Telstar'],https://api.discogs.com/releases/6160217,"['Smooth Jazz', 'Easy Listening', 'Swing', 'Theme']",https://api-img.discogs.com/z3J8e-dJrXjne3Hx2z0lSJ-qFjA=/fit-in/150x150/filters:strip_icc():format(jpeg):mode_rgb()/discogs-images/R-6160217-1412580699-5566.jpeg.jpg,Pia Beck - Dubbel,release,/Pia-Beck-Dubbel/release/6160217,1975.0
58,9,[],BLP-313,"{'have': 2, 'want': 1}",UK,"['Vinyl', 'LP', 'Album']",['Jazz'],6166138,['Black Lion Records'],https://api.discogs.com/releases/6166138,"['Gypsy Jazz', 'Cool Jazz']",,Stephane Grappelli* - The Talk Of The Town,release,/Stephane-Grappelli-The-Talk-Of-The-Town/release/6166138,1975.0
59,10,"['9-974', '40-1947']",B.4920,"{'have': 1, 'want': 0}",UK,"['Shellac', '10""', '78 RPM']",['Jazz'],6166309,"[""His Master's Voice""]",https://api.discogs.com/releases/6166309,[],,Duke Ellington And His Cotton Club Orchestra - The Mooche / The Dicty Glide,release,/Duke-Ellington-And-His-Cotton-Club-Orchestra-The-Mooche-The-Dicty-Glide/release/6166309,
60,11,[],NJE 1081,"{'have': 1, 'want': 0}",UK,"['Vinyl', '7""', '45 RPM', 'EP', 'Mono']",['Jazz'],6044531,['Nixa Jazz Today Series'],https://api.discogs.com/releases/6044531,['Bop'],,Tony Coe - Tony And Coe,release,/Tony-Coe-Tony-And-Coe/release/6044531,
61,12,[],5 302,"{'have': 2, 'want': 0}",France,"['Vinyl', '10""', '33 ⅓ RPM']",['Jazz'],6044935,['Trianon'],https://api.discogs.com/releases/6044935,[],https://api-img.discogs.com/C5ZnRImJqzPfPmfKZgMOhJf3cVY=/fit-in/150x150/filters:strip_icc():format(jpeg):mode_rgb()/discogs-images/R-6044935-1409652430-7532.jpeg.jpg,Bill Coleman (2) - Saint Louis Blues,release,/Bill-Coleman-Saint-Louis-Blues/release/6044935,
62,13,[],EAP 2-656,"{'have': 1, 'want': 0}",US,"['Vinyl', '7""', '45 RPM']",['Jazz'],6151918,"['Capitol Records', 'Capitol Records']",https://api.discogs.com/releases/6151918,['Easy Listening'],https://api-img.discogs.com/XWnaY65_SQD6AC4yx2y7hO5ozeY=/fit-in/150x150/filters:strip_icc():format(jpeg):mode_rgb()/discogs-images/R-6151918-1412365669-5205.jpeg.jpg,"Christy*, Kenton* - Duet",release,/Christy-Kenton-Duet/release/6151918,
63,14,"['0 13431 49472 0', '013431494720']",CCD-4947-2,"{'have': 0, 'want': 0}",Europe,"['CD', 'Album']",['Jazz'],6155910,"['Concord Jazz', 'Concord Records, Inc.', 'Concord Records, Inc.']",https://api.discogs.com/releases/6155910,['Contemporary Jazz'],https://api-img.discogs.com/wNZasyozQgA2kxIA1BJs_IzjXws=/fit-in/150x150/filters:strip_icc():format(jpeg):mode_rgb()/discogs-images/R-6155910-1412469707-6250.jpeg.jpg,"Alan Barnes & David Newton Trio, The Featuring Special Guest Conte Candoli - Manhattan",release,/Alan-Barnes-David-Newton-TrioFeaturing-Special-Guest-Conte-Candoli-Manhattan/release/6155910,2001.0
64,15,"['614427972729', 'LC 07644', 'GEMA']",9727-2,"{'have': 3, 'want': 0}",Germany,['CD'],['Jazz'],6156418,"['The ACT Company', 'ACT Music + Vision GmbH + Co. KG', 'ACT Music + Vision GmbH + Co. KG']",https://api.discogs.com/releases/6156418,[],https://api-img.discogs.com/20C-EuBCeGk3ioc9l8z9cKpvWy0=/fit-in/150x150/filters:strip_icc():format(jpeg):mode_rgb()/discogs-images/R-6156418-1412492952-3167.jpeg.jpg,Viktoria Tolstoy & Jacob Karlzon - A Moment Of Now,release,/Viktoria-Tolstoy-Jacob-Karlzon-A-Moment-Of-Now/release/6156418,2013.0
65,16,[],310015X,"{'have': 1, 'want': 0}",US,"['Vinyl', 'LP']",['Jazz'],6153363,['Cobine Inc.'],https://api.discogs.com/releases/6153363,['Big Band'],https://api-img.discogs.com/U5f7a0AkC5GiEaC5l60wb-0F8v0=/fit-in/150x150/filters:strip_icc():format(jpeg):mode_rgb()/discogs-images/R-6153363-1412418478-6632.jpeg.jpg,"Al Cobine, Big Band Of Al Cobine, The - Cobine Plays Carmichael",release,/Al-Cobine-Big-Band-Of-Al-Cobine-Cobine-Plays-Carmichael/release/6153363,1983.0
66,17,[],SBP233450,"{'have': 5, 'want': 6}",Australia,"['Vinyl', 'LP', 'Album']",['Jazz'],6148268,['CBS'],https://api.discogs.com/releases/6148268,[],https://api-img.discogs.com/0t4PRxiwAIfHRHaj_2NlTMQtYyM=/fit-in/150x150/filters:strip_icc():format(jpeg):mode_rgb()/discogs-images/R-6148268-1412275895-2466.jpeg.jpg,Various - Jazz Australia,release,/Various-Jazz-Australia/release/6148268,1967.0
67,18,[],V-2134,"{'have': 0, 'want': 0}",US,"['Vinyl', 'LP', 'Mono']",['Jazz'],6148547,"['Verve Records', 'Verve Records']",https://api.discogs.com/releases/6148547,['Big Band'],,Terry Gibbs And His Big Band - Swing Is Here!,release,/Terry-Gibbs-And-His-Big-Band-Swing-Is-Here/release/6148547,1960.0
68,19,"['5033107128327', 'GFS283 @@@']",GFS283,"{'have': 1, 'want': 0}",UK,"['CD', 'Album', 'Compilation']",['Jazz'],6122161,['Going For A Song Ltd'],https://api.discogs.com/releases/6122161,['Big Band'],https://api-img.discogs.com/U8fW3Kmz_JCqa7rHC3B14_IdP1c=/fit-in/150x150/filters:strip_icc():format(jpeg):mode_rgb()/discogs-images/R-6122161-1411601146-1464.jpeg.jpg,Tommy Dorsey - Swing Sensation,release,/Tommy-Dorsey-Swing-Sensation/release/6122161,
69,20,['7 640120 192396'],Intakt CD 239,"{'have': 9, 'want': 5}",Switzerland,"['CD', 'Album']",['Jazz'],6122673,['Intakt Records'],https://api.discogs.com/releases/6122673,[],https://api-img.discogs.com/f-0OcjoK_SGPvHkmrqONLgihujk=/fit-in/150x150/filters:strip_icc():format(jpeg):mode_rgb()/discogs-images/R-6122673-1430310354-8689.jpeg.jpg,"Aki Takase, Alexander Von Schlippenbach - So Long, Eric!  Homage To Eric Dolphy",release,/Aki-Takase-Alexander-Von-Schlippenbach-So-Long-Eric-Homage-To-Eric-Dolphy/release/6122673,2014.0
70,21,['LC 05453'],CD 6582,"{'have': 2, 'want': 2}",Germany,"['CD', 'Album']",['Jazz'],6118254,['Mood Records'],https://api.discogs.com/releases/6118254,"['Jazz-Rock', 'Big Band']",https://api-img.discogs.com/rNpabq0czqK5-_r76JuKlDHtQgk=/fit-in/150x150/filters:strip_icc():format(jpeg):mode_rgb()/discogs-images/R-6118254-1411503997-3008.jpeg.jpg,United Jazz + Rock Ensemble* - X,release,/United-Jazz-Rock-Ensemble-X/release/6118254,1999.0
71,22,[],none,"{'have': 1, 'want': 0}",Switzerland,"['CDr', 'Promo']",['Jazz'],6118348,['Not On Label'],https://api.discogs.com/releases/6118348,[],https://api-img.discogs.com/nfdlU40fzRCL7ywbDWkRY3PiwEQ=/fit-in/150x150/filters:strip_icc():format(jpeg):mode_rgb()/discogs-images/R-6118348-1412627845-4076.jpeg.jpg,Fun Feinsten - Paint It!,release,/Fun-Feinsten-Paint-It/release/6118348,
72,23,[],NGCB-2001,"{'have': 1, 'want': 0}",Japan,"['CD', 'Album']",['Jazz'],6087923,['Suzak Musik'],https://api.discogs.com/releases/6087923,['Soul-Jazz'],https://api-img.discogs.com/zqD7Wp22SFBLeLTwN1V8KtAiMFQ=/fit-in/150x150/filters:strip_icc():format(jpeg):mode_rgb()/discogs-images/R-6087923-1410741836-4317.jpeg.jpg,Starlight Junction - Starlight Junction,release,/Starlight-Junction-Starlight-Junction/release/6087923,2002.0
73,24,[],NB2010,"{'have': 1, 'want': 0}",US,"['CD', 'Album']",['Jazz'],6157017,['N.A.M.E. Brand Records'],https://api.discogs.com/releases/6157017,['Afrobeat'],https://api-img.discogs.com/OgObgmVt6i5EHG0kdUQu-yyhbyI=/fit-in/150x150/filters:strip_icc():format(jpeg):mode_rgb()/discogs-images/R-6157017-1412508194-4920.jpeg.jpg,Plunky & Oneness - Groove Tones,release,/Plunky-Oneness-Groove-Tones/release/6157017,1998.0
74,25,['4003099886520'],CDLR 45062,"{'have': 1, 'want': 0}",Germany,"['CD', 'Album']",['Jazz'],6150821,"['L+R Records', 'Bellaphon', 'Sound-Service Bellaphon International']",https://api.discogs.com/releases/6150821,"['Post Bop', 'Contemporary Jazz']",https://api-img.discogs.com/1NWGmKXLIN4bTbpfv-LdVUL_PDY=/fit-in/150x150/filters:strip_icc():format(jpeg):mode_rgb()/discogs-images/R-6150821-1412344928-5528.jpeg.jpg,"Südpool, Karl Berger - Südpool Jazz Project II - Moon Dance Suite",release,/S%C3%BCdpool-Karl-Berger-S%C3%BCdpool-Jazz-Project-II-Moon-Dance-Suite/release/6150821,1992.0
75,26,"['BB 33003 MOE LPL 3515 380', 'QSR 2447']",BB 33.003,"{'have': 1, 'want': 0}",France,"['Vinyl', 'LP', 'Album']",['Jazz'],6151266,"['Black And Blue', 'Black And Blue', 'Disques Monestier']",https://api.discogs.com/releases/6151266,['Bop'],https://api-img.discogs.com/LpRf9ygR91_CA6xaqKCYeVyZa0s=/fit-in/150x150/filters:strip_icc():format(jpeg):mode_rgb()/discogs-images/R-6151266-1412354496-8136.jpeg.jpg,Don Byas - 1945,release,/Don-Byas-1945/release/6151266,
76,27,[],FA 2023,"{'have': 2, 'want': 2}",UK,"['Vinyl', 'LP', 'Album', 'Stereo']",['Jazz'],6074127,['Ember Records'],https://api.discogs.com/releases/6074127,['Cool Jazz'],,Ronnie Ross & Allan Ganley - The Jazz Makers,release,/Ronnie-Ross-Allan-Ganley-The-Jazz-Makers/release/6074127,1965.0
77,28,[],06,"{'have': 1, 'want': 1}",France,"['CDr', 'Mini-Album']",['Jazz'],6074312,['Bab-Ili'],https://api.discogs.com/releases/6074312,"['Free Improvisation', 'Noise']",https://api-img.discogs.com/NJmewkMWvYSrPNmcaWJzRzIAGi8=/fit-in/150x150/filters:strip_icc():format(jpeg):mode_rgb()/discogs-images/R-6074312-1410378601-4025.jpeg.jpg,Sound Of Mucus - Lorgues 21´13,release,/Sound-Of-Mucus-Lorgues-2113/release/6074312,2004.0
78,29,"['SV 7005 A', 'SV 7005 B']",SV 7005,"{'have': 15, 'want': 1}",Italy,"['Vinyl', 'LP', 'Compilation', 'Stereo']",['Jazz'],6072385,"['Sir Val', 'Sir Val', 'La Grafica Cremonese']",https://api.discogs.com/releases/6072385,[],https://api-img.discogs.com/E05eLMC-lATYMNEALOaUhOZ1dn0=/fit-in/150x150/filters:strip_icc():format(jpeg):mode_rgb()/discogs-images/R-6072385-1410338874-6998.jpeg.jpg,Louis Armstrong - Satchmo's Golden Favorites,release,/Louis-Armstrong-Satchmos-Golden-Favorites/release/6072385,
79,30,[],LPBR 5067,"{'have': 1, 'want': 0}",US,"['Vinyl', 'LP', 'Mono']",['Jazz'],6071661,['Everest'],https://api.discogs.com/releases/6071661,['Easy Listening'],https://api-img.discogs.com/k1k07JiLdCD0CDik0ccVm-ygUxs=/fit-in/150x150/filters:strip_icc():format(jpeg):mode_rgb()/discogs-images/R-6071661-1410987777-4102.jpeg.jpg,Billy Mure And His Orchestra* - A String Of Trumpets,release,/Billy-Mure-And-His-Orchestra-A-String-Of-Trumpets/release/6071661,1960.0
80,31,[],7EG 8633,"{'have': 0, 'want': 0}",UK,"['Vinyl', '7""', '33 ⅓ RPM', 'EP']",['Jazz'],6143256,"[""His Master's Voice""]",https://api.discogs.com/releases/6143256,[],,Duke Ellington And Johnny Hodges - Play The Blues,release,/Duke-Ellington-And-Johnny-Hodges-Play-The-Blues/release/6143256,
81,32,[],EAP 1-1022,"{'have': 0, 'want': 0}",Spain,"['Vinyl', '7""', 'EP']",['Jazz'],6123195,['Capitol Records'],https://api.discogs.com/releases/6123195,[],https://api-img.discogs.com/GMBKryWV2pdudKkvsnU3s2gA4dI=/fit-in/150x150/filters:strip_icc():format(jpeg):mode_rgb()/discogs-images/R-6123195-1411754648-4740.jpeg.jpg,Glen Gray & The Casa Loma Orchestra - A Tribute In Hi-Fi,release,/Glen-Gray-The-Casa-Loma-Orchestra-A-Tribute-In-Hi-Fi/release/6123195,1959.0
82,33,"['0 13431 85072 4', '013431850724', 'IFPI L501', 'IFPI 8711', 'PKD- 8507-2 01', 'DISCTRONICS']",PKD-8507-2,"{'have': 2, 'want': 0}",Europe,"['CD', 'Album']",['Jazz'],6124307,"['Peak Records', 'Concord Records, Inc.', 'Concord Records, Inc.', 'Peak Records, Inc.', 'Peak Records, Inc.']",https://api.discogs.com/releases/6124307,['Contemporary Jazz'],https://api-img.discogs.com/rTU10Lgt37rlhM0IYu-JwFRuiQo=/fit-in/150x150/filters:strip_icc():format(jpeg):mode_rgb()/discogs-images/R-6124307-1411663325-7772.jpeg.jpg,Braxton Brothers - Both Sides,release,/Braxton-Brothers-Both-Sides/release/6124307,2002.0
83,34,[],CD-048,"{'have': 3, 'want': 8}",Sweden,"['CDr', 'Album', 'Promo']",['Jazz'],6125108,['JaZt Tapes'],https://api.discogs.com/releases/6125108,"['Free Jazz', 'Free Improvisation']",https://api-img.discogs.com/pGsWsyzQjRP5q6wYLOBn_RVz3fw=/fit-in/150x150/filters:strip_icc():format(jpeg):mode_rgb()/discogs-images/R-6125108-1411677455-3817.jpeg.jpg,"Abdelhaï Bennani, Itaru Oki, Sabu Toyozumi - The Sundance 2",release,/Abdelha%C3%AF-Bennani-Itaru-Oki-Sabu-Toyozumi-The-Sundance-2/release/6125108,2014.0
84,35,['Austro Mechana'],171 136,"{'have': 0, 'want': 0}",Austria,"['Vinyl', 'LP', 'Album']",['Jazz'],6125432,['Ex Libris'],https://api.discogs.com/releases/6125432,['Easy Listening'],,James Last - Polka-Party 2,release,/James-Last-Polka-Party-2/release/6125432,
85,36,[],SXP 2519,"{'have': 0, 'want': 4}",Sweden,"['Vinyl', '7""', '45 RPM', 'EP', 'Mono']",['Jazz'],6235159,['Sonet'],https://api.discogs.com/releases/6235159,[],https://api-img.discogs.com/YpMkD_M92eGp17TK_TkHL5HKsHI=/fit-in/150x150/filters:strip_icc():format(jpeg):mode_rgb()/discogs-images/R-6235159-1414400544-8167.jpeg.jpg,Lars Gullin - Lars Gullin Plays,release,/Lars-Gullin-Lars-Gullin-Plays/release/6235159,1958.0
86,37,['013431498025'],CCD-4980-2,"{'have': 2, 'want': 0}",US,"['CD', 'Album']",['Jazz'],6235236,"['Concord Jazz', 'Concord Records, Inc.', 'Concord Records, Inc.']",https://api.discogs.com/releases/6235236,['Contemporary Jazz'],https://api-img.discogs.com/vwNprSf5eE8FUU4VBnLdrRgMld0=/fit-in/150x150/filters:strip_icc():format(jpeg):mode_rgb()/discogs-images/R-6235236-1414402843-2930.jpeg.jpg,"Jimmy Bruno Group, The - Midnight Blue",release,/Jimmy-Bruno-Group-Midnight-Blue/release/6235236,2001.0
87,38,[],21941,"{'have': 1, 'want': 0}",Canada,"['Shellac', '10""', '78 RPM']",['Jazz'],6238615,"['Victor', 'Victor Talking Machine Co. Of Canada Limited']",https://api.discogs.com/releases/6238615,['Dixieland'],https://api-img.discogs.com/k_WRORQiS7_GmaFto4uI5Jl6QNs=/fit-in/150x150/filters:strip_icc():format(jpeg):mode_rgb()/discogs-images/R-6238615-1414481400-8784.jpeg.jpg,"Ben Pollack And His Park Central Orchestra / Ben Pollack & His Orchestra* - Louise / Wait 'Till You See ""Ma Cherie""",release,/Ben-Pollack-And-His-Park-Central-Orchestra-Ben-Pollack-His-Orchestra-Louise-Wait-Till-You-See-Ma-Che/release/6238615,1929.0
88,39,['6 61761 12101 6'],021,"{'have': 1, 'want': 0}",UK,['CD'],['Jazz'],6237674,['Caber Music Ltd.'],https://api.discogs.com/releases/6237674,['Contemporary Jazz'],,"Trio AAB - ""Wherever I Lay My Home That's My Hat""",release,/Trio-AAB-Wherever-I-Lay-My-Home-Thats-My-Hat/release/6237674,2001.0
89,40,[],NR 225,"{'have': 0, 'want': 0}",Unknown,"['Vinyl', 'LP', 'Album', 'Stereo']",['Jazz'],6237799,['Northeastern Records'],https://api.discogs.com/releases/6237799,['Ragtime'],,Virginia Eskin - Pickles And Peppers And Other Rags By Women,release,/Virginia-Eskin-Pickles-And-Peppers-And-Other-Rags-By-Women/release/6237799,1987.0
90,41,['ISBN 978-3-85164-164-6 '],none,"{'have': 1, 'want': 0}",Austria,"['CD', 'Album', 'Compilation']",['Jazz'],6163968,['Album Verlag'],https://api.discogs.com/releases/6163968,"['Bop', 'Swing', 'Cool Jazz', 'Contemporary Jazz', 'Free Jazz', 'Big Band']",https://api-img.discogs.com/K64ulOc8qBxm0Dr4-EW8qbsZCD8=/fit-in/150x150/filters:strip_icc():format(jpeg):mode_rgb()/discogs-images/R-6163968-1412670673-4627.jpeg.jpg,Hans Koller - Fifty Years Of Creativity 1951 - 2001,release,/Hans-Koller-Fifty-Years-Of-Creativity-1951-2001/release/6163968,2007.0
91,42,['B00HPBY80K'],HCD 7259,"{'have': 0, 'want': 1}",US,"['CD', 'Album', 'Stereo']",['Jazz'],6166619,"['HighNote Records, Inc.']",https://api.discogs.com/releases/6166619,"['Contemporary Jazz', 'Fusion', 'Post Bop', 'Modal']",https://api-img.discogs.com/AoTtwsejO7XKOY51Wx6EsAXvgag=/fit-in/150x150/filters:strip_icc():format(jpeg):mode_rgb()/discogs-images/R-6166619-1412719459-7421.jpeg.jpg,"Jeremy Pelt - Face Forward, Jeremy",release,/Jeremy-Pelt-Face-Forward-Jeremy/release/6166619,2014.0
92,43,['686281521122'],15211,"{'have': 3, 'want': 0}",US,"['CD', 'Album']",['Jazz'],6160419,['OmniTone'],https://api.discogs.com/releases/6160419,[],https://api-img.discogs.com/3t7IwiFvEJFN5enF3vVFZpRX7sw=/fit-in/150x150/filters:strip_icc():format(jpeg):mode_rgb()/discogs-images/R-6160419-1412584830-9928.jpeg.jpg,John McNeil - East Coast Cool,release,/John-McNeil-East-Coast-Cool/release/6160419,2006.0
93,44,[],-,"{'have': 1, 'want': 0}",Poland,"['CD', 'CD-ROM', 'Compilation', 'Promo']",['Jazz'],6161157,"['Wydawnictwo Literackie', 'Wydawnictwo Literackie']",https://api.discogs.com/releases/6161157,"['Ragtime', 'Swing', 'Big Band']",https://api-img.discogs.com/e2l6ESWA2vTP2J7o2n_H0aqrvXU=/fit-in/150x150/filters:strip_icc():format(jpeg):mode_rgb()/discogs-images/R-6161157-1412602670-8752.jpeg.jpg,Various - Był Jazz. Międzywojenny Jazz W Archiwalnych Nagranich Orkiestr,release,/Various-By%C5%82-Jazz-Mi%C4%99dzywojenny-Jazz-W-Archiwalnych-Nagranich-Orkiestr/release/6161157,2014.0
94,45,[],280,"{'have': 0, 'want': 0}",US,"['Vinyl', '7""', '45 RPM']",['Jazz'],6159424,['Roper Records'],https://api.discogs.com/releases/6159424,[],https://api-img.discogs.com/LDhs6WN-Ap1vraYZImKbM9HF3cI=/fit-in/150x150/filters:strip_icc():format(jpeg):mode_rgb()/discogs-images/R-6159424-1412598855-1079.jpeg.jpg,"Roper Dance Orchestra, The, Dancing Strings, The - Lovers Concerto",release,/Roper-Dance-Orchestra-The-Dancing-Strings-Lovers-Concerto/release/6159424,
95,46,[],SB 3,"{'have': 4, 'want': 0}",France,"['Vinyl', 'LP', 'Mono']",['Jazz'],4997837,['Collection Sidney Bechet'],https://api.discogs.com/releases/4997837,"['Ragtime', 'Swing']",https://api-img.discogs.com/N3cpWB-P3has3tqmsED4tvcg2RI=/fit-in/150x150/filters:strip_icc():format(jpeg):mode_rgb()/discogs-images/R-4997837-1381767062-7753.jpeg.jpg,"Sidney Bechet, L'orchestre de Pierre Braslavsky - Le Premier Concert Enregistré En Europe De Sidney Bechet Avec L'orchestre de Pierre Braslavsky",release,/Sidney-Bechet-Lorchestre-de-Pierre-Braslavsky-Le-Premier-Concert-Enregistr%C3%A9-En-Europe-De-Sidney-Bec/release/4997837,
96,47,[],RLP 1004,"{'have': 3, 'want': 0}",US,"['Vinyl', 'LP', 'Compilation', '10""']",['Jazz'],4997976,['Riverside Records'],https://api.discogs.com/releases/4997976,[],https://api-img.discogs.com/PwoqSgw3Vu1rWdFEonN84fIewio=/fit-in/150x150/filters:strip_icc():format(jpeg):mode_rgb()/discogs-images/R-4997976-1383014825-3040.jpeg.jpg,"Muggsy*, Tesch* And Chicagoans, The* - Muggsy Spanier & Frank Teschemaker And The Chicagoans",release,/Muggsy-Tesch-And-Chicagoans-The-Muggsy-Spanier-Frank-Teschemaker-And-The-Chicagoans/release/4997976,1953.0
97,48,['9120018860135'],PAN TAU-X Records 013,"{'have': 0, 'want': 0}",Austria,"['CD', 'Album']",['Jazz'],5000068,['PAN TAU-X Records'],https://api.discogs.com/releases/5000068,['Contemporary Jazz'],https://api-img.discogs.com/QnSzZQDz8lyo3CwXJyFh31u4BL8=/fit-in/150x150/filters:strip_icc():format(jpeg):mode_rgb()/discogs-images/R-5000068-1381768311-8738.jpeg.jpg,"Schwinn*, Preuschl*, Soyka* feat. Middleton* - Undetected Live @ KIK",release,/Schwinn-Preuschl-Soyka-feat-Middleton-Undetected-Live-KIK/release/5000068,2008.0
98,49,['724349954526'],7243 4 99545 2 6,"{'have': 11, 'want': 1}",Europe,['CD'],['Jazz'],5000424,['Blue Note'],https://api.discogs.com/releases/5000424,[],,Don Byron - Romance With The Unseen,release,/Don-Byron-Romance-With-The-Unseen/release/5000424,1999.0
99,0,[],BPC 711,"{'have': 0, 'want': 0}",UK,"['Vinyl', '7""', 'EP', '33 ⅓ RPM']",['Jazz'],5000905,['Pop Parade'],https://api.discogs.com/releases/5000905,[],,Benny Goodman Swing Quintet* - Swing International,release,/Benny-Goodman-Swing-Quintet-Swing-International/release/5000905,1963.0
